seed,n_bits,k,train_data,auth_CRPs,searches,threshold,server_predictor,attacker_predictor,min_auths,viable_CRPs,server_accuracy,attacker_accuracy
0,64,1,1000000,200,100,0.95,both,LR,1,400,0.0,0.575
0,64,1,1000000,200,100,0.95,both,LR,1,600,0.0,0.635
0,64,1,1000000,200,100,0.95,both,LR,1,800,0.0,0.515
0,64,1,1000000,200,100,0.95,both,LR,1,1000,0.0,0.585
0,64,1,1000000,200,100,0.95,both,LR,1,1200,0.0,0.65
0,64,1,1000000,200,100,0.95,both,LR,1,1400,0.035,0.485
0,64,1,1000000,200,100,0.95,both,LR,1,1600,0.0,0.29
0,64,1,1000000,200,100,0.95,both,LR,1,1800,0.195,0.64
0,64,1,1000000,200,100,0.95,both,LR,1,2000,0.305,0.56
0,64,1,1000000,200,100,0.95,both,LR,1,2200,0.345,0.575
0,64,1,1000000,200,100,0.95,both,LR,1,2400,0.12,0.195
0,64,1,1000000,200,100,0.95,both,LR,1,2600,0.525,0.63
0,64,1,1000000,200,100,0.95,both,LR,1,2800,0.475,0.735
0,64,1,1000000,200,100,0.95,both,LR,1,3000,0.38,0.87
0,64,1,1000000,200,100,0.95,both,LR,1,3200,0.64,0.89
0,64,1,1000000,200,100,0.95,both,LR,1,3400,0.215,0.3
0,64,1,1000000,200,100,0.95,both,LR,1,3600,0.545,0.68
0,64,1,1000000,200,100,0.95,both,LR,1,3800,0.805,0.845
0,64,1,1000000,200,100,0.95,both,LR,1,4000,0.755,0.84
0,64,1,1000000,200,100,0.95,both,LR,1,4200,0.825,0.895
0,64,1,1000000,200,100,0.95,both,LR,1,4400,0.675,0.795
0,64,1,1000000,200,100,0.95,both,LR,1,4600,0.81,0.88
0,64,1,1000000,200,100,0.95,both,LR,1,4800,0.835,0.92
0,64,1,1000000,200,100,0.95,both,LR,1,5000,0.905,0.95
1,64,1,1000000,200,100,0.95,both,LR,1,400,0.0,0.46
1,64,1,1000000,200,100,0.95,both,LR,1,600,0.0,0.615
1,64,1,1000000,200,100,0.95,both,LR,1,800,0.0,0.695
1,64,1,1000000,200,100,0.95,both,LR,1,1000,0.0,0.595
1,64,1,1000000,200,100,0.95,both,LR,1,1200,0.0,0.485
1,64,1,1000000,200,100,0.95,both,LR,1,1400,0.005,0.255
1,64,1,1000000,200,100,0.95,both,LR,1,1600,0.07,0.51
1,64,1,1000000,200,100,0.95,both,LR,1,1800,0.03,0.505
1,64,1,1000000,200,100,0.95,both,LR,1,2000,0.03,0.55
1,64,1,1000000,200,100,0.95,both,LR,1,2200,0.2,0.65
1,64,1,1000000,200,100,0.95,both,LR,1,2400,0.03,0.125
1,64,1,1000000,200,100,0.95,both,LR,1,2600,0.13,0.745
1,64,1,1000000,200,100,0.95,both,LR,1,2800,0.105,0.27
1,64,1,1000000,200,100,0.95,both,LR,1,3000,0.445,0.565
1,64,1,1000000,200,100,0.95,both,LR,1,3200,0.56,0.725
1,64,1,1000000,200,100,0.95,both,LR,1,3400,0.375,0.495
1,64,1,1000000,200,100,0.95,both,LR,1,3600,0.375,0.465
1,64,1,1000000,200,100,0.95,both,LR,1,3800,0.735,0.85
1,64,1,1000000,200,100,0.95,both,LR,1,4000,0.74,0.83
1,64,1,1000000,200,100,0.95,both,LR,1,4200,0.855,0.965
2,64,1,1000000,200,100,0.95,both,LR,1,400,0.0,0.39
2,64,1,1000000,200,100,0.95,both,LR,1,600,0.0,0.435
2,64,1,1000000,200,100,0.95,both,LR,1,800,0.0,0.355
2,64,1,1000000,200,100,0.95,both,LR,1,1000,0.01,0.355
2,64,1,1000000,200,100,0.95,both,LR,1,1200,0.0,0.4
2,64,1,1000000,200,100,0.95,both,LR,1,1400,0.0,0.335
2,64,1,1000000,200,100,0.95,both,LR,1,1600,0.06,0.52
2,64,1,1000000,200,100,0.95,both,LR,1,1800,0.075,0.485
2,64,1,1000000,200,100,0.95,both,LR,1,2000,0.075,0.56
2,64,1,1000000,200,100,0.95,both,LR,1,2200,0.3,0.735
2,64,1,1000000,200,100,0.95,both,LR,1,2400,0.11,0.45
2,64,1,1000000,200,100,0.95,both,LR,1,2600,0.57,0.775
2,64,1,1000000,200,100,0.95,both,LR,1,2800,0.21,0.555
2,64,1,1000000,200,100,0.95,both,LR,1,3000,0.64,0.74
2,64,1,1000000,200,100,0.95,both,LR,1,3200,0.735,0.825
2,64,1,1000000,200,100,0.95,both,LR,1,3400,0.76,0.8
2,64,1,1000000,200,100,0.95,both,LR,1,3600,0.785,0.81
2,64,1,1000000,200,100,0.95,both,LR,1,3800,0.775,0.85
2,64,1,1000000,200,100,0.95,both,LR,1,4000,0.815,0.82
2,64,1,1000000,200,100,0.95,both,LR,1,4200,0.865,0.87
2,64,1,1000000,200,100,0.95,both,LR,1,4400,0.845,0.9
2,64,1,1000000,200,100,0.95,both,LR,1,4600,0.85,0.865
2,64,1,1000000,200,100,0.95,both,LR,1,4800,0.89,0.93
2,64,1,1000000,200,100,0.95,both,LR,1,5000,0.9,0.91
2,64,1,1000000,200,100,0.95,both,LR,1,5200,0.945,0.94
2,64,1,1000000,200,100,0.95,both,LR,1,5400,0.835,0.89
2,64,1,1000000,200,100,0.95,both,LR,1,5600,0.895,0.895
2,64,1,1000000,200,100,0.95,both,LR,1,5800,0.91,0.925
2,64,1,1000000,200,100,0.95,both,LR,1,6000,0.93,0.955
3,64,1,1000000,200,100,0.95,both,LR,1,400,0.0,0.405
3,64,1,1000000,200,100,0.95,both,LR,1,600,0.0,0.24
3,64,1,1000000,200,100,0.95,both,LR,1,800,0.005,0.235
3,64,1,1000000,200,100,0.95,both,LR,1,1000,0.01,0.325
3,64,1,1000000,200,100,0.95,both,LR,1,1200,0.005,0.775
3,64,1,1000000,200,100,0.95,both,LR,1,1400,0.125,0.32
3,64,1,1000000,200,100,0.95,both,LR,1,1600,0.55,0.715
3,64,1,1000000,200,100,0.95,both,LR,1,1800,0.56,0.675
3,64,1,1000000,200,100,0.95,both,LR,1,2000,0.115,0.295
3,64,1,1000000,200,100,0.95,both,LR,1,2200,0.35,0.44
3,64,1,1000000,200,100,0.95,both,LR,1,2400,0.52,0.605
3,64,1,1000000,200,100,0.95,both,LR,1,2600,0.5,0.675
3,64,1,1000000,200,100,0.95,both,LR,1,2800,0.66,0.715
3,64,1,1000000,200,100,0.95,both,LR,1,3000,0.795,0.83
3,64,1,1000000,200,100,0.95,both,LR,1,3200,0.845,0.9
3,64,1,1000000,200,100,0.95,both,LR,1,3400,0.585,0.81
3,64,1,1000000,200,100,0.95,both,LR,1,3600,0.705,0.81
3,64,1,1000000,200,100,0.95,both,LR,1,3800,0.86,0.885
3,64,1,1000000,200,100,0.95,both,LR,1,4000,0.89,0.93
3,64,1,1000000,200,100,0.95,both,LR,1,4200,0.835,0.855
3,64,1,1000000,200,100,0.95,both,LR,1,4400,0.78,0.855
3,64,1,1000000,200,100,0.95,both,LR,1,4600,0.885,0.935
3,64,1,1000000,200,100,0.95,both,LR,1,4800,0.895,0.93
3,64,1,1000000,200,100,0.95,both,LR,1,5000,0.925,0.925
3,64,1,1000000,200,100,0.95,both,LR,1,5200,0.89,0.945
3,64,1,1000000,200,100,0.95,both,LR,1,5400,0.855,0.93
3,64,1,1000000,200,100,0.95,both,LR,1,5600,0.915,0.94
3,64,1,1000000,200,100,0.95,both,LR,1,5800,0.865,0.9
3,64,1,1000000,200,100,0.95,both,LR,1,6000,0.935,0.94
3,64,1,1000000,200,100,0.95,both,LR,1,6200,0.92,0.925
3,64,1,1000000,200,100,0.95,both,LR,1,6400,0.915,0.92
3,64,1,1000000,200,100,0.95,both,LR,1,6600,0.94,0.945
3,64,1,1000000,200,100,0.95,both,LR,1,6800,0.945,0.96
4,64,1,1000000,200,100,0.95,both,LR,1,400,0.0,0.445
4,64,1,1000000,200,100,0.95,both,LR,1,600,0.0,0.63
4,64,1,1000000,200,100,0.95,both,LR,1,800,0.0,0.61
4,64,1,1000000,200,100,0.95,both,LR,1,1000,0.0,0.445
4,64,1,1000000,200,100,0.95,both,LR,1,1200,0.005,0.475
4,64,1,1000000,200,100,0.95,both,LR,1,1400,0.0,0.085
4,64,1,1000000,200,100,0.95,both,LR,1,1600,0.12,0.335
4,64,1,1000000,200,100,0.95,both,LR,1,1800,0.16,0.38
4,64,1,1000000,200,100,0.95,both,LR,1,2000,0.155,0.605
4,64,1,1000000,200,100,0.95,both,LR,1,2200,0.185,0.475
4,64,1,1000000,200,100,0.95,both,LR,1,2400,0.3,0.51
4,64,1,1000000,200,100,0.95,both,LR,1,2600,0.27,0.395
4,64,1,1000000,200,100,0.95,both,LR,1,2800,0.625,0.67
4,64,1,1000000,200,100,0.95,both,LR,1,3000,0.735,0.82
4,64,1,1000000,200,100,0.95,both,LR,1,3200,0.745,0.885
4,64,1,1000000,200,100,0.95,both,LR,1,3400,0.635,0.745
4,64,1,1000000,200,100,0.95,both,LR,1,3600,0.82,0.905
4,64,1,1000000,200,100,0.95,both,LR,1,3800,0.825,0.9
4,64,1,1000000,200,100,0.95,both,LR,1,4000,0.8,0.885
4,64,1,1000000,200,100,0.95,both,LR,1,4200,0.545,0.775
4,64,1,1000000,200,100,0.95,both,LR,1,4400,0.68,0.74
4,64,1,1000000,200,100,0.95,both,LR,1,4600,0.81,0.825
4,64,1,1000000,200,100,0.95,both,LR,1,4800,0.89,0.95
5,64,1,1000000,200,100,0.95,both,LR,1,400,0.0,0.26
5,64,1,1000000,200,100,0.95,both,LR,1,600,0.0,0.435
5,64,1,1000000,200,100,0.95,both,LR,1,800,0.0,0.77
5,64,1,1000000,200,100,0.95,both,LR,1,1000,0.0,0.25
5,64,1,1000000,200,100,0.95,both,LR,1,1200,0.09,0.395
5,64,1,1000000,200,100,0.95,both,LR,1,1400,0.005,0.055
5,64,1,1000000,200,100,0.95,both,LR,1,1600,0.26,0.355
5,64,1,1000000,200,100,0.95,both,LR,1,1800,0.36,0.515
5,64,1,1000000,200,100,0.95,both,LR,1,2000,0.61,0.715
5,64,1,1000000,200,100,0.95,both,LR,1,2200,0.7,0.8
5,64,1,1000000,200,100,0.95,both,LR,1,2400,0.555,0.73
5,64,1,1000000,200,100,0.95,both,LR,1,2600,0.64,0.715
5,64,1,1000000,200,100,0.95,both,LR,1,2800,0.775,0.835
5,64,1,1000000,200,100,0.95,both,LR,1,3000,0.52,0.76
5,64,1,1000000,200,100,0.95,both,LR,1,3200,0.785,0.905
5,64,1,1000000,200,100,0.95,both,LR,1,3400,0.56,0.7
5,64,1,1000000,200,100,0.95,both,LR,1,3600,0.705,0.765
5,64,1,1000000,200,100,0.95,both,LR,1,3800,0.87,0.895
5,64,1,1000000,200,100,0.95,both,LR,1,4000,0.745,0.885
5,64,1,1000000,200,100,0.95,both,LR,1,4200,0.845,0.89
5,64,1,1000000,200,100,0.95,both,LR,1,4400,0.77,0.88
5,64,1,1000000,200,100,0.95,both,LR,1,4600,0.815,0.86
5,64,1,1000000,200,100,0.95,both,LR,1,4800,0.885,0.91
5,64,1,1000000,200,100,0.95,both,LR,1,5000,0.9,0.945
5,64,1,1000000,200,100,0.95,both,LR,1,5200,0.93,0.93
5,64,1,1000000,200,100,0.95,both,LR,1,5400,0.86,0.93
5,64,1,1000000,200,100,0.95,both,LR,1,5600,0.875,0.9
5,64,1,1000000,200,100,0.95,both,LR,1,5800,0.865,0.91
5,64,1,1000000,200,100,0.95,both,LR,1,6000,0.915,0.94
5,64,1,1000000,200,100,0.95,both,LR,1,6200,0.935,0.98
6,64,1,1000000,200,100,0.95,both,LR,1,400,0.0,0.47
6,64,1,1000000,200,100,0.95,both,LR,1,600,0.0,0.4
6,64,1,1000000,200,100,0.95,both,LR,1,800,0.0,0.565
6,64,1,1000000,200,100,0.95,both,LR,1,1000,0.0,0.59
6,64,1,1000000,200,100,0.95,both,LR,1,1200,0.005,0.685
6,64,1,1000000,200,100,0.95,both,LR,1,1400,0.135,0.315
6,64,1,1000000,200,100,0.95,both,LR,1,1600,0.335,0.655
6,64,1,1000000,200,100,0.95,both,LR,1,1800,0.0,0.165
6,64,1,1000000,200,100,0.95,both,LR,1,2000,0.265,0.6
6,64,1,1000000,200,100,0.95,both,LR,1,2200,0.33,0.425
6,64,1,1000000,200,100,0.95,both,LR,1,2400,0.28,0.395
6,64,1,1000000,200,100,0.95,both,LR,1,2600,0.615,0.785
6,64,1,1000000,200,100,0.95,both,LR,1,2800,0.31,0.695
6,64,1,1000000,200,100,0.95,both,LR,1,3000,0.39,0.78
6,64,1,1000000,200,100,0.95,both,LR,1,3200,0.575,0.66
6,64,1,1000000,200,100,0.95,both,LR,1,3400,0.495,0.565
6,64,1,1000000,200,100,0.95,both,LR,1,3600,0.685,0.87
6,64,1,1000000,200,100,0.95,both,LR,1,3800,0.685,0.92
6,64,1,1000000,200,100,0.95,both,LR,1,4000,0.835,0.885
6,64,1,1000000,200,100,0.95,both,LR,1,4200,0.855,0.875
6,64,1,1000000,200,100,0.95,both,LR,1,4400,0.765,0.805
6,64,1,1000000,200,100,0.95,both,LR,1,4600,0.895,0.95
7,64,1,1000000,200,100,0.95,both,LR,1,400,0.0,0.51
7,64,1,1000000,200,100,0.95,both,LR,1,600,0.0,0.475
7,64,1,1000000,200,100,0.95,both,LR,1,800,0.0,0.295
7,64,1,1000000,200,100,0.95,both,LR,1,1000,0.0,0.315
7,64,1,1000000,200,100,0.95,both,LR,1,1200,0.005,0.53
7,64,1,1000000,200,100,0.95,both,LR,1,1400,0.12,0.365
7,64,1,1000000,200,100,0.95,both,LR,1,1600,0.375,0.555
7,64,1,1000000,200,100,0.95,both,LR,1,1800,0.0,0.115
7,64,1,1000000,200,100,0.95,both,LR,1,2000,0.225,0.43
7,64,1,1000000,200,100,0.95,both,LR,1,2200,0.26,0.415
7,64,1,1000000,200,100,0.95,both,LR,1,2400,0.1,0.19
7,64,1,1000000,200,100,0.95,both,LR,1,2600,0.475,0.595
7,64,1,1000000,200,100,0.95,both,LR,1,2800,0.69,0.725
7,64,1,1000000,200,100,0.95,both,LR,1,3000,0.805,0.885
7,64,1,1000000,200,100,0.95,both,LR,1,3200,0.83,0.885
7,64,1,1000000,200,100,0.95,both,LR,1,3400,0.61,0.765
7,64,1,1000000,200,100,0.95,both,LR,1,3600,0.78,0.845
7,64,1,1000000,200,100,0.95,both,LR,1,3800,0.81,0.86
7,64,1,1000000,200,100,0.95,both,LR,1,4000,0.835,0.88
7,64,1,1000000,200,100,0.95,both,LR,1,4200,0.825,0.85
7,64,1,1000000,200,100,0.95,both,LR,1,4400,0.815,0.835
7,64,1,1000000,200,100,0.95,both,LR,1,4600,0.84,0.915
7,64,1,1000000,200,100,0.95,both,LR,1,4800,0.905,0.935
7,64,1,1000000,200,100,0.95,both,LR,1,5000,0.865,0.895
7,64,1,1000000,200,100,0.95,both,LR,1,5200,0.905,0.925
7,64,1,1000000,200,100,0.95,both,LR,1,5400,0.815,0.89
7,64,1,1000000,200,100,0.95,both,LR,1,5600,0.865,0.91
7,64,1,1000000,200,100,0.95,both,LR,1,5800,0.89,0.93
7,64,1,1000000,200,100,0.95,both,LR,1,6000,0.9,0.92
7,64,1,1000000,200,100,0.95,both,LR,1,6200,0.865,0.895
7,64,1,1000000,200,100,0.95,both,LR,1,6400,0.81,0.86
7,64,1,1000000,200,100,0.95,both,LR,1,6600,0.905,0.935
7,64,1,1000000,200,100,0.95,both,LR,1,6800,0.91,0.935
7,64,1,1000000,200,100,0.95,both,LR,1,7000,0.885,0.93
7,64,1,1000000,200,100,0.95,both,LR,1,7200,0.91,0.93
7,64,1,1000000,200,100,0.95,both,LR,1,7400,0.855,0.885
7,64,1,1000000,200,100,0.95,both,LR,1,7600,0.915,0.95
8,64,1,1000000,200,100,0.95,both,LR,1,400,0.0,0.46
8,64,1,1000000,200,100,0.95,both,LR,1,600,0.0,0.465
8,64,1,1000000,200,100,0.95,both,LR,1,800,0.005,0.555
8,64,1,1000000,200,100,0.95,both,LR,1,1000,0.015,0.575
8,64,1,1000000,200,100,0.95,both,LR,1,1200,0.0,0.575
8,64,1,1000000,200,100,0.95,both,LR,1,1400,0.0,0.02
8,64,1,1000000,200,100,0.95,both,LR,1,1600,0.0,0.095
8,64,1,1000000,200,100,0.95,both,LR,1,1800,0.115,0.445
8,64,1,1000000,200,100,0.95,both,LR,1,2000,0.035,0.255
8,64,1,1000000,200,100,0.95,both,LR,1,2200,0.135,0.415
8,64,1,1000000,200,100,0.95,both,LR,1,2400,0.185,0.41
8,64,1,1000000,200,100,0.95,both,LR,1,2600,0.225,0.265
8,64,1,1000000,200,100,0.95,both,LR,1,2800,0.595,0.655
8,64,1,1000000,200,100,0.95,both,LR,1,3000,0.335,0.665
8,64,1,1000000,200,100,0.95,both,LR,1,3200,0.345,0.77
8,64,1,1000000,200,100,0.95,both,LR,1,3400,0.615,0.76
8,64,1,1000000,200,100,0.95,both,LR,1,3600,0.405,0.435
8,64,1,1000000,200,100,0.95,both,LR,1,3800,0.845,0.865
8,64,1,1000000,200,100,0.95,both,LR,1,4000,0.9,0.925
8,64,1,1000000,200,100,0.95,both,LR,1,4200,0.95,0.965
9,64,1,1000000,200,100,0.95,both,LR,1,400,0.0,0.46
9,64,1,1000000,200,100,0.95,both,LR,1,600,0.0,0.325
9,64,1,1000000,200,100,0.95,both,LR,1,800,0.0,0.195
9,64,1,1000000,200,100,0.95,both,LR,1,1000,0.01,0.34
9,64,1,1000000,200,100,0.95,both,LR,1,1200,0.0,0.43
9,64,1,1000000,200,100,0.95,both,LR,1,1400,0.095,0.42
9,64,1,1000000,200,100,0.95,both,LR,1,1600,0.445,0.715
9,64,1,1000000,200,100,0.95,both,LR,1,1800,0.475,0.765
9,64,1,1000000,200,100,0.95,both,LR,1,2000,0.01,0.16
9,64,1,1000000,200,100,0.95,both,LR,1,2200,0.095,0.455
9,64,1,1000000,200,100,0.95,both,LR,1,2400,0.34,0.585
9,64,1,1000000,200,100,0.95,both,LR,1,2600,0.365,0.485
9,64,1,1000000,200,100,0.95,both,LR,1,2800,0.76,0.82
9,64,1,1000000,200,100,0.95,both,LR,1,3000,0.875,0.88
9,64,1,1000000,200,100,0.95,both,LR,1,3200,0.855,0.895
9,64,1,1000000,200,100,0.95,both,LR,1,3400,0.67,0.68
9,64,1,1000000,200,100,0.95,both,LR,1,3600,0.79,0.91
9,64,1,1000000,200,100,0.95,both,LR,1,3800,0.825,0.855
9,64,1,1000000,200,100,0.95,both,LR,1,4000,0.96,0.965
10,64,1,1000000,200,100,0.95,both,LR,1,400,0.0,0.385
10,64,1,1000000,200,100,0.95,both,LR,1,600,0.0,0.325
10,64,1,1000000,200,100,0.95,both,LR,1,800,0.0,0.555
10,64,1,1000000,200,100,0.95,both,LR,1,1000,0.01,0.575
10,64,1,1000000,200,100,0.95,both,LR,1,1200,0.015,0.695
10,64,1,1000000,200,100,0.95,both,LR,1,1400,0.1,0.395
10,64,1,1000000,200,100,0.95,both,LR,1,1600,0.0,0.07
10,64,1,1000000,200,100,0.95,both,LR,1,1800,0.09,0.395
10,64,1,1000000,200,100,0.95,both,LR,1,2000,0.08,0.435
10,64,1,1000000,200,100,0.95,both,LR,1,2200,0.19,0.73
10,64,1,1000000,200,100,0.95,both,LR,1,2400,0.395,0.58
10,64,1,1000000,200,100,0.95,both,LR,1,2600,0.07,0.15
10,64,1,1000000,200,100,0.95,both,LR,1,2800,0.33,0.425
10,64,1,1000000,200,100,0.95,both,LR,1,3000,0.465,0.615
10,64,1,1000000,200,100,0.95,both,LR,1,3200,0.515,0.8
10,64,1,1000000,200,100,0.95,both,LR,1,3400,0.285,0.36
10,64,1,1000000,200,100,0.95,both,LR,1,3600,0.62,0.765
10,64,1,1000000,200,100,0.95,both,LR,1,3800,0.61,0.735
10,64,1,1000000,200,100,0.95,both,LR,1,4000,0.885,0.905
10,64,1,1000000,200,100,0.95,both,LR,1,4200,0.85,0.93
10,64,1,1000000,200,100,0.95,both,LR,1,4400,0.81,0.89
10,64,1,1000000,200,100,0.95,both,LR,1,4600,0.86,0.92
10,64,1,1000000,200,100,0.95,both,LR,1,4800,0.89,0.895
10,64,1,1000000,200,100,0.95,both,LR,1,5000,0.9,0.905
10,64,1,1000000,200,100,0.95,both,LR,1,5200,0.905,0.91
10,64,1,1000000,200,100,0.95,both,LR,1,5400,0.765,0.865
10,64,1,1000000,200,100,0.95,both,LR,1,5600,0.89,0.91
10,64,1,1000000,200,100,0.95,both,LR,1,5800,0.885,0.95
11,64,1,1000000,200,100,0.95,both,LR,1,400,0.0,0.455
11,64,1,1000000,200,100,0.95,both,LR,1,600,0.0,0.63
11,64,1,1000000,200,100,0.95,both,LR,1,800,0.0,0.51
11,64,1,1000000,200,100,0.95,both,LR,1,1000,0.01,0.76
11,64,1,1000000,200,100,0.95,both,LR,1,1200,0.0,0.275
11,64,1,1000000,200,100,0.95,both,LR,1,1400,0.0,0.125
11,64,1,1000000,200,100,0.95,both,LR,1,1600,0.02,0.165
11,64,1,1000000,200,100,0.95,both,LR,1,1800,0.01,0.23
11,64,1,1000000,200,100,0.95,both,LR,1,2000,0.15,0.23
11,64,1,1000000,200,100,0.95,both,LR,1,2200,0.18,0.37
11,64,1,1000000,200,100,0.95,both,LR,1,2400,0.26,0.58
11,64,1,1000000,200,100,0.95,both,LR,1,2600,0.415,0.59
11,64,1,1000000,200,100,0.95,both,LR,1,2800,0.115,0.705
11,64,1,1000000,200,100,0.95,both,LR,1,3000,0.48,0.68
11,64,1,1000000,200,100,0.95,both,LR,1,3200,0.665,0.8
11,64,1,1000000,200,100,0.95,both,LR,1,3400,0.24,0.39
11,64,1,1000000,200,100,0.95,both,LR,1,3600,0.44,0.59
11,64,1,1000000,200,100,0.95,both,LR,1,3800,0.595,0.745
11,64,1,1000000,200,100,0.95,both,LR,1,4000,0.675,0.88
11,64,1,1000000,200,100,0.95,both,LR,1,4200,0.81,0.93
11,64,1,1000000,200,100,0.95,both,LR,1,4400,0.64,0.765
11,64,1,1000000,200,100,0.95,both,LR,1,4600,0.725,0.86
11,64,1,1000000,200,100,0.95,both,LR,1,4800,0.885,0.945
11,64,1,1000000,200,100,0.95,both,LR,1,5000,0.88,0.915
11,64,1,1000000,200,100,0.95,both,LR,1,5200,0.905,0.91
11,64,1,1000000,200,100,0.95,both,LR,1,5400,0.875,0.925
11,64,1,1000000,200,100,0.95,both,LR,1,5600,0.885,0.905
11,64,1,1000000,200,100,0.95,both,LR,1,5800,0.955,0.95
12,64,1,1000000,200,100,0.95,both,LR,1,400,0.0,0.52
12,64,1,1000000,200,100,0.95,both,LR,1,600,0.0,0.675
12,64,1,1000000,200,100,0.95,both,LR,1,800,0.0,0.635
12,64,1,1000000,200,100,0.95,both,LR,1,1000,0.0,0.35
12,64,1,1000000,200,100,0.95,both,LR,1,1200,0.0,0.595
12,64,1,1000000,200,100,0.95,both,LR,1,1400,0.0,0.1
12,64,1,1000000,200,100,0.95,both,LR,1,1600,0.06,0.34
12,64,1,1000000,200,100,0.95,both,LR,1,1800,0.115,0.355
12,64,1,1000000,200,100,0.95,both,LR,1,2000,0.335,0.555
12,64,1,1000000,200,100,0.95,both,LR,1,2200,0.275,0.625
12,64,1,1000000,200,100,0.95,both,LR,1,2400,0.155,0.26
12,64,1,1000000,200,100,0.95,both,LR,1,2600,0.63,0.705
12,64,1,1000000,200,100,0.95,both,LR,1,2800,0.575,0.79
12,64,1,1000000,200,100,0.95,both,LR,1,3000,0.83,0.865
12,64,1,1000000,200,100,0.95,both,LR,1,3200,0.815,0.89
12,64,1,1000000,200,100,0.95,both,LR,1,3400,0.76,0.81
12,64,1,1000000,200,100,0.95,both,LR,1,3600,0.755,0.82
12,64,1,1000000,200,100,0.95,both,LR,1,3800,0.875,0.915
12,64,1,1000000,200,100,0.95,both,LR,1,4000,0.865,0.885
12,64,1,1000000,200,100,0.95,both,LR,1,4200,0.87,0.925
12,64,1,1000000,200,100,0.95,both,LR,1,4400,0.765,0.835
12,64,1,1000000,200,100,0.95,both,LR,1,4600,0.915,0.945
12,64,1,1000000,200,100,0.95,both,LR,1,4800,0.885,0.89
12,64,1,1000000,200,100,0.95,both,LR,1,5000,0.925,0.92
12,64,1,1000000,200,100,0.95,both,LR,1,5200,0.905,0.94
12,64,1,1000000,200,100,0.95,both,LR,1,5400,0.81,0.855
12,64,1,1000000,200,100,0.95,both,LR,1,5600,0.86,0.91
12,64,1,1000000,200,100,0.95,both,LR,1,5800,0.91,0.95
13,64,1,1000000,200,100,0.95,both,LR,1,400,0.0,0.66
13,64,1,1000000,200,100,0.95,both,LR,1,600,0.0,0.325
13,64,1,1000000,200,100,0.95,both,LR,1,800,0.0,0.275
13,64,1,1000000,200,100,0.95,both,LR,1,1000,0.0,0.56
13,64,1,1000000,200,100,0.95,both,LR,1,1200,0.0,0.475
13,64,1,1000000,200,100,0.95,both,LR,1,1400,0.055,0.24
13,64,1,1000000,200,100,0.95,both,LR,1,1600,0.065,0.635
13,64,1,1000000,200,100,0.95,both,LR,1,1800,0.0,0.07
13,64,1,1000000,200,100,0.95,both,LR,1,2000,0.09,0.395
13,64,1,1000000,200,100,0.95,both,LR,1,2200,0.075,0.34
13,64,1,1000000,200,100,0.95,both,LR,1,2400,0.215,0.39
13,64,1,1000000,200,100,0.95,both,LR,1,2600,0.3,0.675
13,64,1,1000000,200,100,0.95,both,LR,1,2800,0.12,0.22
13,64,1,1000000,200,100,0.95,both,LR,1,3000,0.41,0.445
13,64,1,1000000,200,100,0.95,both,LR,1,3200,0.695,0.77
13,64,1,1000000,200,100,0.95,both,LR,1,3400,0.53,0.635
13,64,1,1000000,200,100,0.95,both,LR,1,3600,0.645,0.785
13,64,1,1000000,200,100,0.95,both,LR,1,3800,0.77,0.845
13,64,1,1000000,200,100,0.95,both,LR,1,4000,0.83,0.845
13,64,1,1000000,200,100,0.95,both,LR,1,4200,0.915,0.92
13,64,1,1000000,200,100,0.95,both,LR,1,4400,0.77,0.855
13,64,1,1000000,200,100,0.95,both,LR,1,4600,0.775,0.83
13,64,1,1000000,200,100,0.95,both,LR,1,4800,0.695,0.795
13,64,1,1000000,200,100,0.95,both,LR,1,5000,0.905,0.93
13,64,1,1000000,200,100,0.95,both,LR,1,5200,0.91,0.94
13,64,1,1000000,200,100,0.95,both,LR,1,5400,0.82,0.875
13,64,1,1000000,200,100,0.95,both,LR,1,5600,0.785,0.845
13,64,1,1000000,200,100,0.95,both,LR,1,5800,0.85,0.88
13,64,1,1000000,200,100,0.95,both,LR,1,6000,0.905,0.935
13,64,1,1000000,200,100,0.95,both,LR,1,6200,0.92,0.92
13,64,1,1000000,200,100,0.95,both,LR,1,6400,0.835,0.9
13,64,1,1000000,200,100,0.95,both,LR,1,6600,0.845,0.935
13,64,1,1000000,200,100,0.95,both,LR,1,6800,0.86,0.905
13,64,1,1000000,200,100,0.95,both,LR,1,7000,0.89,0.93
13,64,1,1000000,200,100,0.95,both,LR,1,7200,0.91,0.935
13,64,1,1000000,200,100,0.95,both,LR,1,7400,0.805,0.84
13,64,1,1000000,200,100,0.95,both,LR,1,7600,0.905,0.935
13,64,1,1000000,200,100,0.95,both,LR,1,7800,0.91,0.93
13,64,1,1000000,200,100,0.95,both,LR,1,8000,0.845,0.895
13,64,1,1000000,200,100,0.95,both,LR,1,8200,0.865,0.91
13,64,1,1000000,200,100,0.95,both,LR,1,8400,0.84,0.89
13,64,1,1000000,200,100,0.95,both,LR,1,8600,0.85,0.91
13,64,1,1000000,200,100,0.95,both,LR,1,8800,0.925,0.94
13,64,1,1000000,200,100,0.95,both,LR,1,9000,0.9,0.94
13,64,1,1000000,200,100,0.95,both,LR,1,9200,0.88,0.905
13,64,1,1000000,200,100,0.95,both,LR,1,9400,0.91,0.955
14,64,1,1000000,200,100,0.95,both,LR,1,400,0.0,0.45
14,64,1,1000000,200,100,0.95,both,LR,1,600,0.0,0.25
14,64,1,1000000,200,100,0.95,both,LR,1,800,0.0,0.425
14,64,1,1000000,200,100,0.95,both,LR,1,1000,0.0,0.495
14,64,1,1000000,200,100,0.95,both,LR,1,1200,0.015,0.605
14,64,1,1000000,200,100,0.95,both,LR,1,1400,0.095,0.32
14,64,1,1000000,200,100,0.95,both,LR,1,1600,0.0,0.09
14,64,1,1000000,200,100,0.95,both,LR,1,1800,0.145,0.32
14,64,1,1000000,200,100,0.95,both,LR,1,2000,0.245,0.335
14,64,1,1000000,200,100,0.95,both,LR,1,2200,0.385,0.575
14,64,1,1000000,200,100,0.95,both,LR,1,2400,0.255,0.46
14,64,1,1000000,200,100,0.95,both,LR,1,2600,0.46,0.575
14,64,1,1000000,200,100,0.95,both,LR,1,2800,0.555,0.66
14,64,1,1000000,200,100,0.95,both,LR,1,3000,0.72,0.78
14,64,1,1000000,200,100,0.95,both,LR,1,3200,0.76,0.825
14,64,1,1000000,200,100,0.95,both,LR,1,3400,0.65,0.845
14,64,1,1000000,200,100,0.95,both,LR,1,3600,0.545,0.805
14,64,1,1000000,200,100,0.95,both,LR,1,3800,0.78,0.86
14,64,1,1000000,200,100,0.95,both,LR,1,4000,0.615,0.76
14,64,1,1000000,200,100,0.95,both,LR,1,4200,0.76,0.775
14,64,1,1000000,200,100,0.95,both,LR,1,4400,0.755,0.86
14,64,1,1000000,200,100,0.95,both,LR,1,4600,0.825,0.905
14,64,1,1000000,200,100,0.95,both,LR,1,4800,0.835,0.9
14,64,1,1000000,200,100,0.95,both,LR,1,5000,0.875,0.92
14,64,1,1000000,200,100,0.95,both,LR,1,5200,0.845,0.895
14,64,1,1000000,200,100,0.95,both,LR,1,5400,0.795,0.895
14,64,1,1000000,200,100,0.95,both,LR,1,5600,0.83,0.895
14,64,1,1000000,200,100,0.95,both,LR,1,5800,0.86,0.91
14,64,1,1000000,200,100,0.95,both,LR,1,6000,0.885,0.915
14,64,1,1000000,200,100,0.95,both,LR,1,6200,0.9,0.96
15,64,1,1000000,200,100,0.95,both,LR,1,400,0.0,0.515
15,64,1,1000000,200,100,0.95,both,LR,1,600,0.0,0.465
15,64,1,1000000,200,100,0.95,both,LR,1,800,0.0,0.555
15,64,1,1000000,200,100,0.95,both,LR,1,1000,0.0,0.38
15,64,1,1000000,200,100,0.95,both,LR,1,1200,0.0,0.4
15,64,1,1000000,200,100,0.95,both,LR,1,1400,0.0,0.24
15,64,1,1000000,200,100,0.95,both,LR,1,1600,0.04,0.44
15,64,1,1000000,200,100,0.95,both,LR,1,1800,0.02,0.24
15,64,1,1000000,200,100,0.95,both,LR,1,2000,0.05,0.365
15,64,1,1000000,200,100,0.95,both,LR,1,2200,0.04,0.5
15,64,1,1000000,200,100,0.95,both,LR,1,2400,0.035,0.085
15,64,1,1000000,200,100,0.95,both,LR,1,2600,0.11,0.645
15,64,1,1000000,200,100,0.95,both,LR,1,2800,0.22,0.67
15,64,1,1000000,200,100,0.95,both,LR,1,3000,0.275,0.28
15,64,1,1000000,200,100,0.95,both,LR,1,3200,0.735,0.785
15,64,1,1000000,200,100,0.95,both,LR,1,3400,0.74,0.805
15,64,1,1000000,200,100,0.95,both,LR,1,3600,0.88,0.91
15,64,1,1000000,200,100,0.95,both,LR,1,3800,0.9,0.865
15,64,1,1000000,200,100,0.95,both,LR,1,4000,0.94,0.945
15,64,1,1000000,200,100,0.95,both,LR,1,4200,0.96,0.97
16,64,1,1000000,200,100,0.95,both,LR,1,400,0.0,0.465
16,64,1,1000000,200,100,0.95,both,LR,1,600,0.0,0.795
16,64,1,1000000,200,100,0.95,both,LR,1,800,0.015,0.665
16,64,1,1000000,200,100,0.95,both,LR,1,1000,0.0,0.475
16,64,1,1000000,200,100,0.95,both,LR,1,1200,0.025,0.72
16,64,1,1000000,200,100,0.95,both,LR,1,1400,0.0,0.195
16,64,1,1000000,200,100,0.95,both,LR,1,1600,0.06,0.235
16,64,1,1000000,200,100,0.95,both,LR,1,1800,0.255,0.595
16,64,1,1000000,200,100,0.95,both,LR,1,2000,0.32,0.56
16,64,1,1000000,200,100,0.95,both,LR,1,2200,0.445,0.7
16,64,1,1000000,200,100,0.95,both,LR,1,2400,0.145,0.295
16,64,1,1000000,200,100,0.95,both,LR,1,2600,0.64,0.675
16,64,1,1000000,200,100,0.95,both,LR,1,2800,0.52,0.81
16,64,1,1000000,200,100,0.95,both,LR,1,3000,0.385,0.785
16,64,1,1000000,200,100,0.95,both,LR,1,3200,0.745,0.885
16,64,1,1000000,200,100,0.95,both,LR,1,3400,0.335,0.455
16,64,1,1000000,200,100,0.95,both,LR,1,3600,0.665,0.755
16,64,1,1000000,200,100,0.95,both,LR,1,3800,0.83,0.86
16,64,1,1000000,200,100,0.95,both,LR,1,4000,0.83,0.895
16,64,1,1000000,200,100,0.95,both,LR,1,4200,0.835,0.875
16,64,1,1000000,200,100,0.95,both,LR,1,4400,0.8,0.88
16,64,1,1000000,200,100,0.95,both,LR,1,4600,0.865,0.93
16,64,1,1000000,200,100,0.95,both,LR,1,4800,0.885,0.915
16,64,1,1000000,200,100,0.95,both,LR,1,5000,0.875,0.91
16,64,1,1000000,200,100,0.95,both,LR,1,5200,0.91,0.935
16,64,1,1000000,200,100,0.95,both,LR,1,5400,0.84,0.885
16,64,1,1000000,200,100,0.95,both,LR,1,5600,0.89,0.895
16,64,1,1000000,200,100,0.95,both,LR,1,5800,0.94,0.98
17,64,1,1000000,200,100,0.95,both,LR,1,400,0.0,0.57
17,64,1,1000000,200,100,0.95,both,LR,1,600,0.0,0.525
17,64,1,1000000,200,100,0.95,both,LR,1,800,0.0,0.42
17,64,1,1000000,200,100,0.95,both,LR,1,1000,0.0,0.57
17,64,1,1000000,200,100,0.95,both,LR,1,1200,0.0,0.53
17,64,1,1000000,200,100,0.95,both,LR,1,1400,0.01,0.38
17,64,1,1000000,200,100,0.95,both,LR,1,1600,0.03,0.21
17,64,1,1000000,200,100,0.95,both,LR,1,1800,0.13,0.665
17,64,1,1000000,200,100,0.95,both,LR,1,2000,0.42,0.855
17,64,1,1000000,200,100,0.95,both,LR,1,2200,0.015,0.26
17,64,1,1000000,200,100,0.95,both,LR,1,2400,0.065,0.105
17,64,1,1000000,200,100,0.95,both,LR,1,2600,0.315,0.53
17,64,1,1000000,200,100,0.95,both,LR,1,2800,0.37,0.59
17,64,1,1000000,200,100,0.95,both,LR,1,3000,0.425,0.765
17,64,1,1000000,200,100,0.95,both,LR,1,3200,0.67,0.9
17,64,1,1000000,200,100,0.95,both,LR,1,3400,0.4,0.51
17,64,1,1000000,200,100,0.95,both,LR,1,3600,0.505,0.55
17,64,1,1000000,200,100,0.95,both,LR,1,3800,0.655,0.79
17,64,1,1000000,200,100,0.95,both,LR,1,4000,0.61,0.715
17,64,1,1000000,200,100,0.95,both,LR,1,4200,0.79,0.87
17,64,1,1000000,200,100,0.95,both,LR,1,4400,0.69,0.855
17,64,1,1000000,200,100,0.95,both,LR,1,4600,0.795,0.875
17,64,1,1000000,200,100,0.95,both,LR,1,4800,0.825,0.885
17,64,1,1000000,200,100,0.95,both,LR,1,5000,0.885,0.95
18,64,1,1000000,200,100,0.95,both,LR,1,400,0.0,0.49
18,64,1,1000000,200,100,0.95,both,LR,1,600,0.0,0.485
18,64,1,1000000,200,100,0.95,both,LR,1,800,0.0,0.495
18,64,1,1000000,200,100,0.95,both,LR,1,1000,0.0,0.28
18,64,1,1000000,200,100,0.95,both,LR,1,1200,0.0,0.57
18,64,1,1000000,200,100,0.95,both,LR,1,1400,0.0,0.285
18,64,1,1000000,200,100,0.95,both,LR,1,1600,0.03,0.33
18,64,1,1000000,200,100,0.95,both,LR,1,1800,0.04,0.48
18,64,1,1000000,200,100,0.95,both,LR,1,2000,0.055,0.365
18,64,1,1000000,200,100,0.95,both,LR,1,2200,0.18,0.715
18,64,1,1000000,200,100,0.95,both,LR,1,2400,0.37,0.635
18,64,1,1000000,200,100,0.95,both,LR,1,2600,0.345,0.815
18,64,1,1000000,200,100,0.95,both,LR,1,2800,0.03,0.13
18,64,1,1000000,200,100,0.95,both,LR,1,3000,0.37,0.55
18,64,1,1000000,200,100,0.95,both,LR,1,3200,0.475,0.77
18,64,1,1000000,200,100,0.95,both,LR,1,3400,0.385,0.475
18,64,1,1000000,200,100,0.95,both,LR,1,3600,0.435,0.585
18,64,1,1000000,200,100,0.95,both,LR,1,3800,0.565,0.625
18,64,1,1000000,200,100,0.95,both,LR,1,4000,0.655,0.755
18,64,1,1000000,200,100,0.95,both,LR,1,4200,0.685,0.91
18,64,1,1000000,200,100,0.95,both,LR,1,4400,0.665,0.785
18,64,1,1000000,200,100,0.95,both,LR,1,4600,0.785,0.82
18,64,1,1000000,200,100,0.95,both,LR,1,4800,0.805,0.85
18,64,1,1000000,200,100,0.95,both,LR,1,5000,0.845,0.905
18,64,1,1000000,200,100,0.95,both,LR,1,5200,0.89,0.92
18,64,1,1000000,200,100,0.95,both,LR,1,5400,0.82,0.905
18,64,1,1000000,200,100,0.95,both,LR,1,5600,0.795,0.885
18,64,1,1000000,200,100,0.95,both,LR,1,5800,0.855,0.895
18,64,1,1000000,200,100,0.95,both,LR,1,6000,0.92,0.92
18,64,1,1000000,200,100,0.95,both,LR,1,6200,0.825,0.89
18,64,1,1000000,200,100,0.95,both,LR,1,6400,0.815,0.9
18,64,1,1000000,200,100,0.95,both,LR,1,6600,0.885,0.91
18,64,1,1000000,200,100,0.95,both,LR,1,6800,0.935,0.97
19,64,1,1000000,200,100,0.95,both,LR,1,400,0.0,0.26
19,64,1,1000000,200,100,0.95,both,LR,1,600,0.0,0.41
19,64,1,1000000,200,100,0.95,both,LR,1,800,0.0,0.685
19,64,1,1000000,200,100,0.95,both,LR,1,1000,0.005,0.675
19,64,1,1000000,200,100,0.95,both,LR,1,1200,0.005,0.495
19,64,1,1000000,200,100,0.95,both,LR,1,1400,0.0,0.14
19,64,1,1000000,200,100,0.95,both,LR,1,1600,0.025,0.135
19,64,1,1000000,200,100,0.95,both,LR,1,1800,0.055,0.185
19,64,1,1000000,200,100,0.95,both,LR,1,2000,0.065,0.42
19,64,1,1000000,200,100,0.95,both,LR,1,2200,0.42,0.69
19,64,1,1000000,200,100,0.95,both,LR,1,2400,0.02,0.15
19,64,1,1000000,200,100,0.95,both,LR,1,2600,0.195,0.355
19,64,1,1000000,200,100,0.95,both,LR,1,2800,0.41,0.545
19,64,1,1000000,200,100,0.95,both,LR,1,3000,0.5,0.62
19,64,1,1000000,200,100,0.95,both,LR,1,3200,0.755,0.835
19,64,1,1000000,200,100,0.95,both,LR,1,3400,0.57,0.81
19,64,1,1000000,200,100,0.95,both,LR,1,3600,0.675,0.755
19,64,1,1000000,200,100,0.95,both,LR,1,3800,0.46,0.65
19,64,1,1000000,200,100,0.95,both,LR,1,4000,0.65,0.81
19,64,1,1000000,200,100,0.95,both,LR,1,4200,0.71,0.745
19,64,1,1000000,200,100,0.95,both,LR,1,4400,0.575,0.675
19,64,1,1000000,200,100,0.95,both,LR,1,4600,0.745,0.86
19,64,1,1000000,200,100,0.95,both,LR,1,4800,0.85,0.865
19,64,1,1000000,200,100,0.95,both,LR,1,5000,0.85,0.95
